{"cameraMode":{"drawMode":0,"name":"Shaded","section":"Shading Mode"},"sceneLighting":false,"audioPlay":false,"sceneViewState":{"showFog":true,"showMaterialUpdate":false,"showSkybox":false,"showFlares":true,"showImageEffects":true,"showParticleSystems":true},"in2DMode":false,"pivot":{"x":1.1990410089492798,"y":1.7707818746566773,"z":0.5265505313873291},"rotation":{"x":-0.08901520818471909,"y":-0.8318508863449097,"z":0.13979744911193849,"w":-0.5296763181686401},"size":2.787126302719116,"orthographic":false}