{"cameraMode":{"drawMode":0,"name":"Shaded","section":"Shading Mode"},"sceneLighting":true,"audioPlay":false,"sceneViewState":{"showFog":true,"showMaterialUpdate":false,"showSkybox":true,"showFlares":true,"showImageEffects":true,"showParticleSystems":true},"in2DMode":false,"pivot":{"x":-0.42584702372550967,"y":5.964181900024414,"z":0.9151628613471985},"rotation":{"x":0.15615352988243104,"y":-0.8406397104263306,"z":0.40452149510383608,"w":0.32450491189956667},"size":20.166263580322267,"orthographic":true}