{"cameraMode":{"drawMode":0,"name":"Shaded","section":"Shading Mode"},"sceneLighting":false,"audioPlay":false,"sceneViewState":{"showFog":true,"showMaterialUpdate":false,"showSkybox":false,"showFlares":true,"showImageEffects":true,"showParticleSystems":true},"in2DMode":false,"pivot":{"x":2.6707944869995119,"y":-34.50582504272461,"z":141.54458618164063},"rotation":{"x":-0.23113563656806947,"y":-0.035016391426324847,"z":0.008324475958943367,"w":-0.9722555875778198},"size":1505.8040771484375,"orthographic":false}