{"cameraMode":{"drawMode":0,"name":"Shaded","section":"Shading Mode"},"sceneLighting":false,"audioPlay":false,"sceneViewState":{"showFog":true,"showMaterialUpdate":false,"showSkybox":false,"showFlares":true,"showImageEffects":true,"showParticleSystems":true},"in2DMode":false,"pivot":{"x":0.11055463552474976,"y":1.449808955192566,"z":1.6666271686553956},"rotation":{"x":0.20094148814678193,"y":0.04112960025668144,"z":-0.008444488979876042,"w":0.9787030220031738},"size":4.771808624267578,"orthographic":true}