{"cameraMode":{"drawMode":0,"name":"Shaded","section":"Shading Mode"},"sceneLighting":true,"audioPlay":false,"sceneViewState":{"showFog":true,"showMaterialUpdate":false,"showSkybox":true,"showFlares":true,"showImageEffects":true,"showParticleSystems":true},"in2DMode":false,"pivot":{"x":-0.42584702372550967,"y":5.964181900024414,"z":0.9151628613471985},"rotation":{"x":0.15615351498126985,"y":-0.8406396508216858,"z":0.40452146530151369,"w":0.32450488209724429},"size":20.166263580322267,"orthographic":true}