{"cameraMode":{"drawMode":0,"name":"Shaded","section":"Shading Mode"},"sceneLighting":true,"audioPlay":false,"sceneViewState":{"showFog":true,"showMaterialUpdate":false,"showSkybox":true,"showFlares":true,"showImageEffects":true,"showParticleSystems":true},"in2DMode":false,"pivot":{"x":0.8136042952537537,"y":4.751255989074707,"z":-0.20828279852867127},"rotation":{"x":0.47748002409935,"y":-0.018008338287472726,"z":0.009790067560970784,"w":0.8784034848213196},"size":2.7891225814819338,"orthographic":true}