{"cameraMode":{"drawMode":0,"name":"Shaded","section":"Shading Mode"},"sceneLighting":true,"audioPlay":false,"sceneViewState":{"showFog":true,"showMaterialUpdate":false,"showSkybox":true,"showFlares":true,"showImageEffects":true,"showParticleSystems":true},"in2DMode":false,"pivot":{"x":-1.1404286623001099,"y":4.996743679046631,"z":0.12641224265098573},"rotation":{"x":0.35741570591926577,"y":-0.28787070512771609,"z":0.11682021617889404,"w":0.8807596564292908},"size":7.6035661697387699,"orthographic":true}