{"cameraMode":{"drawMode":0,"name":"Shaded","section":"Shading Mode"},"sceneLighting":true,"audioPlay":false,"sceneViewState":{"showFog":true,"showMaterialUpdate":false,"showSkybox":true,"showFlares":true,"showImageEffects":true,"showParticleSystems":true},"in2DMode":false,"pivot":{"x":1.979787826538086,"y":0.34392833709716799,"z":0.14076566696166993},"rotation":{"x":0.2898372709751129,"y":0.6714124083518982,"z":-0.32432928681373598,"w":0.6000086069107056},"size":42.569557189941409,"orthographic":false}